route_csv,segment_count,direct_miles,total_miles
"JFK,LAX,ORD,LGA",3,10,4952
"JFK,LAX,ATL,LGA",3,10,5182
"JFK,SFO,ORD,LGA",3,10,5165
"LGA,FLL,EWR",2,16,2140
"LGA,ORD,SFO,EWR",3,16,5144
"LGA,ORD,MCO,EWR",3,16,2675
"LGA,ATL,MCO,EWR",3,16,2102
"LGA,ATL,FLL,EWR",3,16,2406
"JFK,SFO,EWR",2,20,5151
"JFK,LAX,SFO,EWR",3,20,5377
"MIA,LGA,FLL",2,21,2172
"MIA,ATL,FLL",2,21,1175
"MIA,LGA,ATL,FLL",3,21,2438
"MIA,ATL,LGA,FLL",3,21,2431
"EWR,MCO,PHL",2,80,1798
"EWR,MCO,ATL,PHL",3,80,2007
"EWR,FLL,ATL,PHL",3,80,2311
"TPA,ATL,MCO",2,80,809
"TPA,ATL,ORD,MCO",3,80,2016
"TPA,ATL,PHL,MCO",3,80,1933
"JFK,LAX,ATL,PHL",3,93,5087
"LGA,ATL,PHL",2,95,1427
"LGA,ORD,MCO,PHL",3,95,2599
"LGA,ORD,ATL,PHL",3,95,2005
"LGA,ATL,MCO,PHL",3,95,2026
"LGA,MIA,ATL,PHL",3,95,2357
"LGA,FLL,ATL,PHL",3,95,2322
"SAN,SFO,LAX",2,109,783
"SAN,SFO,ORD,LAX",3,109,4037
"SAN,SFO,LAS,LAX",3,109,1096
"SAN,SFO,JFK,LAX",3,109,5507
"SAN,SFO,DEN,LAX",3,109,2275
"SAN,SFO,SEA,LAX",3,109,2078
"DCA,ATL,PHL",2,119,1213
"DCA,ATL,MCO,PHL",3,119,1812
"FLL,ATL,MCO",2,177,984
"FLL,EWR,MCO",2,177,2002
"FLL,ATL,ORD,MCO",3,177,2191
"FLL,ATL,PHL,MCO",3,177,2108
"FLL,LGA,ORD,MCO",3,177,2813
"FLL,LGA,ATL,MCO",3,177,2240
"MIA,ATL,MCO",2,192,998
"MIA,LGA,ORD,MCO",3,192,2834
"MIA,LGA,ATL,MCO",3,192,2261
"MIA,ATL,ORD,MCO",3,192,2205
"MIA,ATL,PHL,MCO",3,192,2122
"FLL,ATL,TPA",2,196,986
"FLL,LGA,ATL,TPA",3,196,2243
"DCA,ATL,MCO,EWR",3,198,1888
"DCA,ATL,FLL,EWR",3,198,2192
"MIA,ATL,TPA",2,204,1000
"MIA,LGA,ATL,TPA",3,204,2264
"JFK,LAX,ATL,DCA",3,212,4968
"LGA,ATL,DCA",2,214,1308
"LGA,ORD,ATL,DCA",3,214,1886
"LGA,MIA,ATL,DCA",3,214,2238
"LGA,FLL,ATL,DCA",3,214,2203
"LAX,LAS",1,236,236
"LAX,SFO,LAS",2,236,751
"LAX,ORD,LAS",2,236,3258
"LAX,DEN,LAS",2,236,1490
"LAX,SEA,LAS",2,236,1820
"LAX,ATL,LAS",2,236,3693
"LAX,SFO,ORD,LAS",3,236,3697
"LAX,SFO,DEN,LAS",3,236,1932
"LAX,SFO,SEA,LAS",3,236,1882
"LAX,JFK,SFO,LAS",3,236,5474
"LAX,ORD,SFO,LAS",3,236,4004
"LAX,ORD,DEN,LAS",3,236,3261
"LAX,ORD,ATL,LAS",3,236,4097
"LAX,DEN,ORD,LAS",3,236,3264
"LAX,DEN,SFO,LAS",3,236,2242
"LAX,DEN,ATL,LAS",3,236,3807
"LAX,SEA,SFO,LAS",3,236,2046
"LAX,ATL,ORD,LAS",3,236,4066
"LAX,ATL,DEN,LAS",3,236,3773
"LAX,DFW,ORD,LAS",3,236,3550
"LAX,DFW,ATL,LAS",3,236,3712
"LAX,DFW,DEN,LAS",3,236,2504
"LAX,PHX,DEN,LAS",3,236,1600
"LAX,PHX,ORD,LAS",3,236,3324
"LAX,PHX,SEA,LAS",3,236,2343
"PHX,DEN,LAS",2,255,1230
"PHX,ORD,LAS",2,255,2954
"PHX,SEA,LAS",2,255,1973
"PHX,LAX,LAS",2,255,606
"PHX,DEN,LAX,LAS",3,255,1699
"PHX,DEN,ORD,LAS",3,255,3004
"PHX,DEN,SFO,LAS",3,255,1982
"PHX,DEN,ATL,LAS",3,255,3547
"PHX,MSP,ORD,LAS",3,255,3124
"PHX,MSP,DEN,LAS",3,255,2584
"PHX,ORD,LAX,LAS",3,255,3420
"PHX,ORD,SFO,LAS",3,255,3699
"PHX,ORD,DEN,LAS",3,255,2956
"PHX,ORD,ATL,LAS",3,255,3792
"PHX,SEA,LAX,LAS",3,255,2296
"PHX,SEA,SFO,LAS",3,255,2199
"PHX,LAX,SFO,LAS",3,255,1121
"PHX,LAX,ORD,LAS",3,255,3628
"PHX,LAX,DEN,LAS",3,255,1860
"PHX,LAX,SEA,LAS",3,255,2190
"PHX,LAX,ATL,LAS",3,255,4063
"SAN,SFO,LAS",2,258,860
"SAN,SFO,LAX,LAS",3,258,1020
"SAN,SFO,ORD,LAS",3,258,3806
"SAN,SFO,DEN,LAS",3,258,2041
"SAN,SFO,SEA,LAS",3,258,1991
"SAN,SFO,LAX,PHX",3,304,1154
"SAN,SFO,ORD,PHX",3,304,3732
"SAN,SFO,DEN,PHX",3,304,2015
"SAN,SFO,SEA,PHX",3,304,2231
"MSP,ORD",1,334,334
"MSP,PHX,ORD",2,334,2715
"MSP,DEN,ORD",2,334,1568
"MSP,PHX,DEN,ORD",3,334,2766
"MSP,PHX,LAX,ORD",3,334,3390
"MSP,DEN,PHX,ORD",3,334,2721
"MSP,DEN,LAX,ORD",3,334,3286
"MSP,DEN,LAS,ORD",3,334,2822
"MSP,DEN,SFO,ORD",3,334,3493
"MSP,DEN,ATL,ORD",3,334,2484
"MSP,DEN,DFW,ORD",3,334,2122
"SFO,LAX",1,337,337
"SFO,ORD,LAX",2,337,3590
"SFO,LAS,LAX",2,337,650
"SFO,JFK,LAX",2,337,5060
"SFO,DEN,LAX",2,337,1828
"SFO,SEA,LAX",2,337,1632
"SFO,ORD,DEN,LAX",3,337,3596
"SFO,ORD,PHX,LAX",3,337,3656
"SFO,ORD,DFW,LAX",3,337,3882
"SFO,ORD,ATL,LAX",3,337,4398
"SFO,ORD,LAS,LAX",3,337,3596
"SFO,LAS,DEN,LAX",3,337,1904
"SFO,LAS,SEA,LAX",3,337,2234
"SFO,LAS,ATL,LAX",3,337,4107
"SFO,LAS,ORD,LAX",3,337,3672
"SFO,DEN,PHX,LAX",3,337,1938
"SFO,DEN,LAS,LAX",3,337,1831
"SFO,DEN,ORD,LAX",3,337,3599
"SFO,DEN,ATL,LAX",3,337,4112
"SFO,DEN,DFW,LAX",3,337,2843
"SFO,SEA,PHX,LAX",3,337,2155
"SFO,SEA,LAS,LAX",3,337,1781
"SLC,DEN,LAS",2,367,1019
"SLC,DEN,LAX,LAS",3,367,1488
"SLC,DEN,ORD,LAS",3,367,2793
"SLC,DEN,SFO,LAS",3,367,1771
"SLC,DEN,ATL,LAS",3,367,3336
"PHX,LAX",1,370,370
"PHX,DEN,LAX",2,370,1463
"PHX,ORD,LAX",2,370,3184
"PHX,SEA,LAX",2,370,2060
"PHX,DEN,LAS,LAX",3,370,1466
"PHX,DEN,ORD,LAX",3,370,3234
"PHX,DEN,SFO,LAX",3,370,1906
"PHX,DEN,ATL,LAX",3,370,3747
"PHX,DEN,DFW,LAX",3,370,2477
"PHX,MSP,ORD,LAX",3,370,3354
"PHX,MSP,DEN,LAX",3,370,2817
"PHX,ORD,SFO,LAX",3,370,3623
"PHX,ORD,DEN,LAX",3,370,3190
"PHX,ORD,DFW,LAX",3,370,3476
"PHX,ORD,ATL,LAX",3,370,3992
"PHX,ORD,LAS,LAX",3,370,3190
"PHX,SEA,SFO,LAX",3,370,2122
"PHX,SEA,LAS,LAX",3,370,2209
"DEN,SLC",1,390,390
"ATL,MCO",1,403,403
"ATL,ORD,MCO",2,403,1610
"ATL,PHL,MCO",2,403,1527
"ATL,FLL,EWR,MCO",3,403,2582
"ATL,LGA,ORD,MCO",3,403,2499
"ATL,LAX,ORD,MCO",3,403,4696
"ATL,DFW,ORD,MCO",3,403,2538
"ATL,DEN,ORD,MCO",3,403,3092
"ATL,LAS,ORD,MCO",3,403,4265
"ATL,TPA",1,405,405
"SFO,LAS",1,413,413
"SFO,LAX,LAS",2,413,573
"SFO,ORD,LAS",2,413,3360
"SFO,DEN,LAS",2,413,1595
"SFO,SEA,LAS",2,413,1544
"SFO,LAX,ORD,LAS",3,413,3596
"SFO,LAX,DEN,LAS",3,413,1827
"SFO,LAX,SEA,LAS",3,413,2157
"SFO,LAX,ATL,LAS",3,413,4030
"SFO,ORD,LAX,LAS",3,413,3826
"SFO,ORD,DEN,LAS",3,413,3362
"SFO,ORD,ATL,LAS",3,413,4198
"SFO,JFK,LAX,LAS",3,413,5297
"SFO,DEN,LAX,LAS",3,413,2065
"SFO,DEN,ORD,LAS",3,413,3369
"SFO,DEN,ATL,LAS",3,413,3912
"SFO,SEA,LAX,LAS",3,413,1868
"SAN,SFO",1,446,446
"SLC,DEN,PHX",2,507,992
"SLC,DEN,LAX,PHX",3,507,1622
"SLC,DEN,ORD,PHX",3,507,2719
"SLC,DEN,MSP,PHX",3,507,2346
"ATL,DCA",1,547,547
"ATL,FLL",1,580,580
"ATL,LGA,FLL",2,580,1837
"ATL,MCO,EWR,FLL",3,580,2405
"ATL,ORD,LGA,FLL",3,580,2414
"ATL,MIA,LGA,FLL",3,580,2766
"SLC,DEN,LAX",2,589,1252
"SLC,DEN,PHX,LAX",3,589,1362
"SLC,DEN,LAS,LAX",3,589,1255
"SLC,DEN,ORD,LAX",3,589,3023
"SLC,DEN,SFO,LAX",3,589,1695
"SLC,DEN,ATL,LAX",3,589,3536
"SLC,DEN,DFW,LAX",3,589,2267
"MIA,ATL",1,594,594
"MIA,LGA,ATL",2,594,1858
"MIA,LGA,ORD,ATL",3,594,2435
"MIA,LGA,FLL,ATL",3,594,2752
"SLC,DEN,SFO",2,598,1358
"SLC,DEN,LAX,SFO",3,598,1590
"SLC,DEN,LAS,SFO",3,598,1433
"SLC,DEN,ORD,SFO",3,598,3125
"DEN,PHX",1,601,601
"DEN,LAX,PHX",2,601,1231
"DEN,ORD,PHX",2,601,2328
"DEN,MSP,PHX",2,601,1955
"DEN,LAX,ORD,PHX",3,601,4046
"DEN,LAX,SEA,PHX",3,601,2922
"DEN,LAS,LAX,PHX",3,601,1234
"DEN,LAS,SEA,PHX",3,601,2601
"DEN,LAS,ORD,PHX",3,601,3582
"DEN,ORD,LAX,PHX",3,601,3002
"DEN,ORD,MSP,PHX",3,601,2498
"DEN,SFO,LAX,PHX",3,601,1674
"DEN,SFO,ORD,PHX",3,601,4253
"DEN,SFO,SEA,PHX",3,601,2752
"DEN,ATL,LAX,PHX",3,601,3515
"DEN,ATL,ORD,PHX",3,601,3244
"DEN,DFW,LAX,PHX",3,601,2246
"DEN,DFW,ORD,PHX",3,601,2882
"DEN,MSP,ORD,PHX",3,601,2453
"ATL,ORD",1,605,605
"ATL,MCO,ORD",2,605,1408
"ATL,LGA,ORD",2,605,1494
"ATL,LAX,ORD",2,605,3691
"ATL,DFW,ORD",2,605,1533
"ATL,DEN,ORD",2,605,2087
"ATL,LAS,ORD",2,605,3260
"ATL,FLL,LGA,ORD",3,605,2389
"ATL,LAX,SFO,ORD",3,605,4130
"ATL,LAX,LAS,ORD",3,605,3696
"ATL,LAX,DEN,ORD",3,605,3696
"ATL,LAX,DFW,ORD",3,605,3983
"ATL,LAX,PHX,ORD",3,605,3756
"ATL,DFW,LAX,ORD",3,605,3710
"ATL,DFW,DEN,ORD",3,605,2260
"ATL,DEN,PHX,ORD",3,605,3240
"ATL,DEN,LAX,ORD",3,605,3805
"ATL,DEN,LAS,ORD",3,605,3341
"ATL,DEN,SFO,ORD",3,605,4012
"ATL,DEN,DFW,ORD",3,605,2642
"ATL,DEN,MSP,ORD",3,605,2213
"ATL,PHL,MCO,ORD",3,605,2532
"ATL,LAS,LAX,ORD",3,605,3727
"ATL,LAS,DEN,ORD",3,605,3263
"ATL,LAS,SFO,ORD",3,605,4006
"ATL,MIA,LGA,ORD",3,605,2424
"DCA,ATL,ORD",2,611,1152
"DCA,ATL,MCO,ORD",3,611,1955
"DCA,ATL,LGA,ORD",3,611,2041
"DCA,ATL,LAX,ORD",3,611,4238
"DCA,ATL,DFW,ORD",3,611,2080
"DCA,ATL,DEN,ORD",3,611,2634
"DCA,ATL,LAS,ORD",3,611,3807
"SAN,SFO,DEN,SLC",3,625,1804
"DEN,LAS",1,628,628
"DEN,LAX,LAS",2,628,1098
"DEN,ORD,LAS",2,628,2402
"DEN,SFO,LAS",2,628,1381
"DEN,ATL,LAS",2,628,2945
"DEN,PHX,ORD,LAS",3,628,3555
"DEN,PHX,SEA,LAS",3,628,2574
"DEN,PHX,LAX,LAS",3,628,1208
"DEN,LAX,SFO,LAS",3,628,1613
"DEN,LAX,ORD,LAS",3,628,4120
"DEN,LAX,SEA,LAS",3,628,2682
"DEN,LAX,ATL,LAS",3,628,4554
"DEN,ORD,LAX,LAS",3,628,2869
"DEN,ORD,SFO,LAS",3,628,3148
"DEN,ORD,ATL,LAS",3,628,3240
"DEN,SFO,LAX,LAS",3,628,1540
"DEN,SFO,ORD,LAS",3,628,4327
"DEN,SFO,SEA,LAS",3,628,2512
"DEN,ATL,LAX,LAS",3,628,3381
"DEN,ATL,ORD,LAS",3,628,3319
"DEN,DFW,LAX,LAS",3,628,2112
"DEN,DFW,ORD,LAS",3,628,2957
"DEN,DFW,ATL,LAS",3,628,3119
"DEN,MSP,ORD,LAS",3,628,2528
"DEN,DFW",1,641,641
"DEN,LAX,DFW",2,641,2096
"DEN,ORD,DFW",2,641,1690
"DEN,ATL,DFW",2,641,1930
"DEN,PHX,ORD,DFW",3,641,2843
"DEN,PHX,LAX,DFW",3,641,2206
"DEN,LAX,ORD,DFW",3,641,3408
"DEN,LAX,ATL,DFW",3,641,3539
"DEN,LAS,LAX,DFW",3,641,2099
"DEN,LAS,ATL,DFW",3,641,3106
"DEN,LAS,ORD,DFW",3,641,2944
"DEN,ORD,LAX,DFW",3,641,3867
"DEN,ORD,ATL,DFW",3,641,2225
"DEN,SFO,LAX,DFW",3,641,2539
"DEN,SFO,ORD,DFW",3,641,3615
"DEN,ATL,LAX,DFW",3,641,4380
"DEN,ATL,ORD,DFW",3,641,2606
"DEN,MSP,ORD,DFW",3,641,1815
"SFO,LAX,PHX",2,650,707
"SFO,ORD,PHX",2,650,3286
"SFO,DEN,PHX",2,650,1568
"SFO,SEA,PHX",2,650,1785
"SFO,LAX,ORD,PHX",3,650,3521
"SFO,LAX,DEN,PHX",3,650,1801
"SFO,LAX,SEA,PHX",3,650,2398
"SFO,ORD,LAX,PHX",3,650,3960
"SFO,ORD,DEN,PHX",3,650,3336
"SFO,ORD,MSP,PHX",3,650,3456
"SFO,LAS,LAX,PHX",3,650,1020
"SFO,LAS,DEN,PHX",3,650,1644
"SFO,LAS,SEA,PHX",3,650,2387
"SFO,LAS,ORD,PHX",3,650,3368
"SFO,JFK,LAX,PHX",3,650,5431
"SFO,DEN,LAX,PHX",3,650,2199
"SFO,DEN,ORD,PHX",3,650,3295
"SFO,DEN,MSP,PHX",3,650,2923
"SFO,SEA,LAX,PHX",3,650,2002
"ATL,PHL",1,666,666
"ATL,MCO,PHL",2,666,1264
"ATL,ORD,MCO,PHL",3,666,2472
"PHL,MCO,ORD",2,677,1866
"PHL,ATL,ORD",2,677,1272
"PHL,MCO,ATL,ORD",3,677,1870
"PHL,ATL,MCO,ORD",3,677,2074
"PHL,ATL,LGA,ORD",3,677,2160
"PHL,ATL,LAX,ORD",3,677,4357
"PHL,ATL,DFW,ORD",3,677,2199
"PHL,ATL,DEN,ORD",3,677,2753
"PHL,ATL,LAS,ORD",3,677,3927
"SEA,SFO",1,678,678
"SEA,LAX,SFO",2,678,1291
"SEA,LAS,SFO",2,678,1280
"SEA,LAX,JFK,SFO",3,678,6014
"SEA,LAX,ORD,SFO",3,678,4544
"SEA,LAX,LAS,SFO",3,678,1604
"SEA,LAX,DEN,SFO",3,678,2782
"SEA,PHX,DEN,SFO",3,678,2675
"SEA,PHX,ORD,SFO",3,678,4392
"SEA,PHX,LAX,SFO",3,678,1814
"SEA,LAS,LAX,SFO",3,678,1440
"SEA,LAS,DEN,SFO",3,678,2461
"SEA,LAS,ORD,SFO",3,678,4226
"MSP,DEN",1,679,679
"MSP,PHX,DEN",2,679,1877
"MSP,ORD,DEN",2,679,1222
"MSP,PHX,ORD,DEN",3,679,3604
"MSP,PHX,LAX,DEN",3,679,2507
"MSP,ORD,LAX,DEN",3,679,2940
"MSP,ORD,SFO,DEN",3,679,3147
"MSP,ORD,PHX,DEN",3,679,2375
"MSP,ORD,DFW,DEN",3,679,1777
"MSP,ORD,ATL,DEN",3,679,2139
"MSP,ORD,LAS,DEN",3,679,2476
"SEA,LAX,DEN,SLC",3,688,2206
"SEA,SFO,DEN,SLC",3,688,2036
"SEA,PHX,DEN,SLC",3,688,2099
"SEA,LAS,DEN,SLC",3,688,1885
"EWR,MCO,ORD",2,719,1942
"EWR,SFO,ORD",2,719,4411
"EWR,MCO,ATL,ORD",3,719,1946
"EWR,FLL,ATL,ORD",3,719,2251
"EWR,FLL,LGA,ORD",3,719,2873
"EWR,SFO,LAX,ORD",3,719,4647
"EWR,SFO,LAS,ORD",3,719,4493
"EWR,SFO,DEN,ORD",3,719,4420
"ATL,DFW",1,731,731
"ATL,LAX,DFW",2,731,3181
"ATL,ORD,DFW",2,731,1407
"ATL,DEN,DFW",2,731,1840
"ATL,MCO,ORD,DFW",3,731,2210
"ATL,LGA,ORD,DFW",3,731,2296
"ATL,LAX,ORD,DFW",3,731,4492
"ATL,LAX,DEN,DFW",3,731,3449
"ATL,ORD,LAX,DFW",3,731,3585
"ATL,ORD,DEN,DFW",3,731,2135
"ATL,DEN,LAX,DFW",3,731,3296
"ATL,DEN,ORD,DFW",3,731,2889
"ATL,LAS,LAX,DFW",3,731,3217
"ATL,LAS,DEN,DFW",3,731,3016
"ATL,LAS,ORD,DFW",3,731,4062
"LGA,ORD",1,733,733
"LGA,ATL,ORD",2,733,1367
"LGA,ATL,MCO,ORD",3,733,2170
"LGA,ATL,LAX,ORD",3,733,4452
"LGA,ATL,DFW,ORD",3,733,2294
"LGA,ATL,DEN,ORD",3,733,2849
"LGA,ATL,LAS,ORD",3,733,4022
"LGA,MIA,ATL,ORD",3,733,2297
"LGA,FLL,ATL,ORD",3,733,2262
"JFK,LAX,ORD",2,739,4219
"JFK,SFO,ORD",2,739,4432
"JFK,LAX,SFO,ORD",3,739,4658
"JFK,LAX,LAS,ORD",3,739,4225
"JFK,LAX,DEN,ORD",3,739,4225
"JFK,LAX,ATL,ORD",3,739,5027
"JFK,LAX,DFW,ORD",3,739,4511
"JFK,LAX,PHX,ORD",3,739,4284
"JFK,SFO,LAX,ORD",3,739,4668
"JFK,SFO,LAS,ORD",3,739,4514
"JFK,SFO,DEN,ORD",3,739,4441
"ATL,MCO,EWR",2,745,1340
"ATL,FLL,EWR",2,745,1645
"ATL,LGA,FLL,EWR",3,745,2901
"ATL,LAX,SFO,EWR",3,745,4849
"ATL,ORD,SFO,EWR",3,745,5017
"ATL,ORD,MCO,EWR",3,745,2548
"ATL,DEN,SFO,EWR",3,745,4731
"ATL,PHL,MCO,EWR",3,745,2464
"ATL,LAS,SFO,EWR",3,745,4725
"DCA,ATL,MCO",2,759,950
"DCA,ATL,ORD,MCO",3,759,2157
"DCA,ATL,PHL,MCO",3,759,2074
"JFK,LAX,ATL",2,759,4421
"JFK,LAX,ORD,ATL",3,759,4825
"JFK,LAX,LAS,ATL",3,759,4457
"JFK,LAX,DEN,ATL",3,759,4535
"JFK,LAX,DFW,ATL",3,759,4441
"JFK,SFO,LAX,ATL",3,759,4869
"JFK,SFO,ORD,ATL",3,759,5037
"JFK,SFO,LAS,ATL",3,759,4746
"JFK,SFO,DEN,ATL",3,759,4752
"LGA,ATL",1,761,761
"LGA,ORD,ATL",2,761,1339
"LGA,MIA,ATL",2,761,1691
"LGA,FLL,ATL",2,761,1656
"LGA,ORD,LAX,ATL",3,761,4424
"LGA,ORD,DEN,ATL",3,761,2820
"LGA,ORD,MCO,ATL",3,761,2141
"LGA,ORD,DFW,ATL",3,761,2266
"LGA,ORD,LAS,ATL",3,761,3994
"DFW,ORD",1,801,801
"DFW,LAX,ORD",2,801,2979
"DFW,ATL,ORD",2,801,1337
"DFW,DEN,ORD",2,801,1529
"DFW,LAX,SFO,ORD",3,801,3418
"DFW,LAX,LAS,ORD",3,801,2985
"DFW,LAX,DEN,ORD",3,801,2985
"DFW,LAX,ATL,ORD",3,801,3787
"DFW,LAX,PHX,ORD",3,801,3044
"DFW,ATL,MCO,ORD",3,801,2139
"DFW,ATL,LGA,ORD",3,801,2226
"DFW,ATL,LAX,ORD",3,801,4422
"DFW,ATL,DEN,ORD",3,801,2818
"DFW,ATL,LAS,ORD",3,801,3992
"DFW,DEN,PHX,ORD",3,801,2682
"DFW,DEN,LAX,ORD",3,801,3247
"DFW,DEN,LAS,ORD",3,801,2783
"DFW,DEN,SFO,ORD",3,801,3454
"DFW,DEN,ATL,ORD",3,801,2446
"DFW,DEN,MSP,ORD",3,801,1655
"DCA,ATL,TPA",2,813,953
"MSP,ORD,DFW",2,851,1135
"MSP,DEN,DFW",2,851,1321
"MSP,PHX,DEN,DFW",3,851,2519
"MSP,PHX,ORD,DFW",3,851,3517
"MSP,PHX,LAX,DFW",3,851,2881
"MSP,ORD,LAX,DFW",3,851,3313
"MSP,ORD,DEN,DFW",3,851,1863
"MSP,ORD,ATL,DFW",3,851,1671
"MSP,DEN,LAX,DFW",3,851,2776
"MSP,DEN,ORD,DFW",3,851,2369
"MSP,DEN,ATL,DFW",3,851,2610
"DEN,SFO,SAN",2,852,1413
"DEN,LAX,SFO,SAN",3,852,1645
"DEN,LAS,SFO,SAN",3,852,1488
"DEN,ORD,SFO,SAN",3,852,3180
"MCO,PHL",1,861,861
"MCO,ATL,PHL",2,861,1069
"MCO,ORD,ATL,PHL",3,861,2277
"DEN,LAX",1,861,861
"DEN,PHX,LAX",2,861,971
"DEN,LAS,LAX",2,861,864
"DEN,ORD,LAX",2,861,2632
"DEN,SFO,LAX",2,861,1304
"DEN,ATL,LAX",2,861,3145
"DEN,DFW,LAX",2,861,1876
"DEN,PHX,ORD,LAX",3,861,3786
"DEN,PHX,SEA,LAX",3,861,2662
"DEN,LAS,SFO,LAX",3,861,1379
"DEN,LAS,SEA,LAX",3,861,2448
"DEN,LAS,ATL,LAX",3,861,4321
"DEN,LAS,ORD,LAX",3,861,3887
"DEN,ORD,SFO,LAX",3,861,3071
"DEN,ORD,PHX,LAX",3,861,2698
"DEN,ORD,DFW,LAX",3,861,2924
"DEN,ORD,ATL,LAX",3,861,3440
"DEN,ORD,LAS,LAX",3,861,2638
"DEN,SFO,ORD,LAX",3,861,4557
"DEN,SFO,LAS,LAX",3,861,1617
"DEN,SFO,JFK,LAX",3,861,6028
"DEN,SFO,SEA,LAX",3,861,2599
"DEN,ATL,DFW,LAX",3,861,3165
"DEN,ATL,ORD,LAX",3,861,3549
"DEN,ATL,LAS,LAX",3,861,3182
"DEN,DFW,ORD,LAX",3,861,3187
"DEN,DFW,ATL,LAX",3,861,3319
"DEN,MSP,PHX,LAX",3,861,2326
"DEN,MSP,ORD,LAX",3,861,2758
"SEA,LAS",1,866,866
"SEA,LAX,LAS",2,866,1190
"SEA,SFO,LAS",2,866,1092
"SEA,LAX,SFO,LAS",3,866,1705
"SEA,LAX,ORD,LAS",3,866,4212
"SEA,LAX,DEN,LAS",3,866,2443
"SEA,LAX,ATL,LAS",3,866,4646
"SEA,SFO,LAX,LAS",3,866,1252
"SEA,SFO,ORD,LAS",3,866,4038
"SEA,SFO,DEN,LAS",3,866,2273
"SEA,PHX,DEN,LAS",3,866,2336
"SEA,PHX,ORD,LAS",3,866,4060
"SEA,PHX,LAX,LAS",3,866,1713
"DFW,LAX,PHX",2,867,1605
"DFW,ORD,PHX",2,867,2241
"DFW,DEN,PHX",2,867,1243
"DFW,LAX,ORD,PHX",3,867,4419
"DFW,LAX,DEN,PHX",3,867,2698
"DFW,LAX,SEA,PHX",3,867,3295
"DFW,ORD,LAX,PHX",3,867,2916
"DFW,ORD,DEN,PHX",3,867,2291
"DFW,ORD,MSP,PHX",3,867,2411
"DFW,ATL,LAX,PHX",3,867,3047
"DFW,ATL,ORD,PHX",3,867,2777
"DFW,ATL,DEN,PHX",3,867,2532
"DFW,DEN,LAX,PHX",3,867,1873
"DFW,DEN,ORD,PHX",3,867,2969
"DFW,DEN,MSP,PHX",3,867,2597
"DEN,ORD",1,888,888
"DEN,PHX,ORD",2,888,2041
"DEN,LAX,ORD",2,888,2606
"DEN,LAS,ORD",2,888,2142
"DEN,SFO,ORD",2,888,2813
"DEN,ATL,ORD",2,888,1805
"DEN,DFW,ORD",2,888,1443
"DEN,MSP,ORD",2,888,1014
"DEN,PHX,MSP,ORD",3,888,2211
"DEN,PHX,LAX,ORD",3,888,2716
"DEN,LAX,SFO,ORD",3,888,3045
"DEN,LAX,LAS,ORD",3,888,2612
"DEN,LAX,ATL,ORD",3,888,3414
"DEN,LAX,DFW,ORD",3,888,2898
"DEN,LAX,PHX,ORD",3,888,2671
"DEN,LAS,LAX,ORD",3,888,2609
"DEN,LAS,SFO,ORD",3,888,2888
"DEN,LAS,ATL,ORD",3,888,2980
"DEN,SFO,LAX,ORD",3,888,3049
"DEN,SFO,LAS,ORD",3,888,2895
"DEN,ATL,MCO,ORD",3,888,2607
"DEN,ATL,LGA,ORD",3,888,2694
"DEN,ATL,LAX,ORD",3,888,4890
"DEN,ATL,DFW,ORD",3,888,2732
"DEN,ATL,LAS,ORD",3,888,4460
"DEN,DFW,LAX,ORD",3,888,3620
"DEN,DFW,ATL,ORD",3,888,1978
"DEN,MSP,PHX,ORD",3,888,3395
"FLL,ATL,DCA",2,899,1127
"FLL,LGA,ATL,DCA",3,899,2384
"ATL,ORD,MSP",2,906,939
"ATL,DEN,MSP",2,906,1879
"ATL,MCO,ORD,MSP",3,906,1742
"ATL,LGA,ORD,MSP",3,906,1828
"ATL,LAX,ORD,MSP",3,906,4025
"ATL,LAX,DEN,MSP",3,906,3488
"ATL,LAX,PHX,MSP",3,906,3592
"ATL,DFW,ORD,MSP",3,906,1867
"ATL,DFW,DEN,MSP",3,906,2052
"ATL,ORD,DEN,MSP",3,906,2173
"ATL,ORD,PHX,MSP",3,906,3321
"ATL,DEN,PHX,MSP",3,906,3077
"ATL,DEN,ORD,MSP",3,906,2421
"ATL,LAS,DEN,MSP",3,906,3054
"ATL,LAS,ORD,MSP",3,906,3595
"MIA,ATL,DCA",2,919,1141
"MIA,LGA,ATL,DCA",3,919,2405
"TPA,ATL,PHL",2,919,1072
"TPA,ATL,MCO,PHL",3,919,1670
"TPA,ATL,DFW",2,928,1137
"TPA,ATL,LAX,DFW",3,928,3587
"TPA,ATL,ORD,DFW",3,928,1813
"TPA,ATL,DEN,DFW",3,928,2246
"MSP,ORD,ATL,DCA",3,930,1487
"MSP,DEN,ATL,DCA",3,930,2426
"EWR,MCO",1,937,937
"EWR,FLL,ATL,MCO",3,937,2048
"EWR,SFO,ORD,MCO",3,937,5416
"JFK,LAX,ORD,MCO",3,944,5224
"JFK,LAX,ATL,MCO",3,944,4824
"JFK,SFO,ORD,MCO",3,944,5437
"JFK,SFO,EWR,MCO",3,944,6088
"LGA,ORD,MCO",2,949,1738
"LGA,ATL,MCO",2,949,1165
"LGA,ORD,ATL,MCO",3,949,1742
"LGA,ATL,ORD,MCO",3,949,2372
"LGA,ATL,PHL,MCO",3,949,2289
"LGA,MIA,ATL,MCO",3,949,2094
"LGA,FLL,ATL,MCO",3,949,2059
"LGA,FLL,EWR,MCO",3,949,3077
"SEA,LAX",1,953,953
"SEA,SFO,LAX",2,953,1015
"SEA,PHX,LAX",2,953,1476
"SEA,LAS,LAX",2,953,1102
"SEA,SFO,ORD,LAX",3,953,4269
"SEA,SFO,LAS,LAX",3,953,1328
"SEA,SFO,JFK,LAX",3,953,5739
"SEA,SFO,DEN,LAX",3,953,2507
"SEA,PHX,DEN,LAX",3,953,2570
"SEA,PHX,ORD,LAX",3,953,4291
"SEA,LAS,DEN,LAX",3,953,2356
"SEA,LAS,SFO,LAX",3,953,1617
"SEA,LAS,ATL,LAX",3,953,4559
"SEA,LAS,ORD,LAX",3,953,4125
"DEN,SFO",1,967,967
"DEN,LAX,SFO",2,967,1199
"DEN,LAS,SFO",2,967,1042
"DEN,ORD,SFO",2,967,2734
"DEN,PHX,ORD,SFO",3,967,3887
"DEN,PHX,SEA,SFO",3,967,2386
"DEN,PHX,LAX,SFO",3,967,1309
"DEN,LAX,JFK,SFO",3,967,5922
"DEN,LAX,ORD,SFO",3,967,4452
"DEN,LAX,LAS,SFO",3,967,1512
"DEN,LAX,SEA,SFO",3,967,2494
"DEN,LAS,LAX,SFO",3,967,1201
"DEN,LAS,SEA,SFO",3,967,2173
"DEN,LAS,ORD,SFO",3,967,3988
"DEN,ORD,LAX,SFO",3,967,2970
"DEN,ORD,LAS,SFO",3,967,2816
"DEN,ATL,LAX,SFO",3,967,3483
"DEN,ATL,ORD,SFO",3,967,3651
"DEN,ATL,LAS,SFO",3,967,3359
"DEN,DFW,LAX,SFO",3,967,2213
"DEN,DFW,ORD,SFO",3,967,3289
"DEN,MSP,ORD,SFO",3,967,2860
"MSP,ORD,MCO,PHL",3,980,2200
"MSP,ORD,ATL,PHL",3,980,1606
"MSP,DEN,ATL,PHL",3,980,2545
"DFW,ORD,MCO",2,984,1806
"DFW,ATL,MCO",2,984,1134
"DFW,LAX,ORD,MCO",3,984,3984
"DFW,LAX,ATL,MCO",3,984,3584
"DFW,ORD,ATL,MCO",3,984,1811
"DFW,ATL,ORD,MCO",3,984,2342
"DFW,ATL,PHL,MCO",3,984,2258
"DFW,DEN,ORD,MCO",3,984,2534
"DFW,DEN,ATL,MCO",3,984,2244
"DFW,DEN,SLC",2,988,1032
"DFW,LAX,DEN,SLC",3,988,2487
"DFW,ORD,DEN,SLC",3,988,2080
"DFW,ATL,DEN,SLC",3,988,2321
"MSP,DEN,SLC",2,991,1070
"MSP,PHX,DEN,SLC",3,991,2268
"MSP,ORD,DEN,SLC",3,991,1613
"FLL,ATL,PHL",2,992,1246
"FLL,ATL,MCO,PHL",3,992,1845
"FLL,EWR,MCO,PHL",3,992,2863
"FLL,LGA,ATL,PHL",3,992,2503
"TPA,ATL,MCO,EWR",3,997,1746
"TPA,ATL,FLL,EWR",3,997,2051
"MCO,ORD",1,1005,1005
"MCO,ATL,ORD",2,1005,1009
"MCO,ATL,LGA,ORD",3,1005,1898
"MCO,ATL,LAX,ORD",3,1005,4094
"MCO,ATL,DFW,ORD",3,1005,1936
"MCO,ATL,DEN,ORD",3,1005,2491
"MCO,ATL,LAS,ORD",3,1005,3664
"MCO,EWR,SFO,ORD",3,1005,5348
"MCO,PHL,ATL,ORD",3,1005,2133
"JFK,LAX,ATL,TPA",3,1005,4827
"MSP,ORD,SFO,EWR",3,1008,4745
"MSP,ORD,MCO,EWR",3,1008,2276
"MSP,DEN,SFO,EWR",3,1008,4212
"LGA,ATL,TPA",2,1010,1167
"LGA,ORD,ATL,TPA",3,1010,1744
"LGA,MIA,ATL,TPA",3,1010,2097
"LGA,FLL,ATL,TPA",3,1010,2062
"TPA,ATL,ORD",2,1011,1011
"TPA,ATL,MCO,ORD",3,1011,1814
"TPA,ATL,LGA,ORD",3,1011,1900
"TPA,ATL,LAX,ORD",3,1011,4096
"TPA,ATL,DFW,ORD",3,1011,1939
"TPA,ATL,DEN,ORD",3,1011,2493
"TPA,ATL,LAS,ORD",3,1011,3666
"MIA,ATL,PHL",2,1013,1260
"MIA,LGA,ATL,PHL",3,1013,2524
"MIA,ATL,MCO,PHL",3,1013,1859
"LGA,ORD,MSP",2,1020,1067
"LGA,ORD,DEN,MSP",3,1020,2301
"LGA,ORD,PHX,MSP",3,1020,3449
"LGA,ATL,ORD,MSP",3,1020,1701
"LGA,ATL,DEN,MSP",3,1020,2640
"DEN,PHX,SEA",2,1024,1708
"DEN,LAX,SEA",2,1024,1815
"DEN,LAS,SEA",2,1024,1494
"DEN,SFO,SEA",2,1024,1645
"DEN,PHX,LAX,SEA",3,1024,1925
"DEN,LAX,SFO,SEA",3,1024,1877
"DEN,LAX,LAS,SEA",3,1024,1964
"DEN,LAX,PHX,SEA",3,1024,2338
"DEN,LAS,LAX,SEA",3,1024,1818
"DEN,LAS,SFO,SEA",3,1024,1720
"DEN,ORD,LAX,SEA",3,1024,3586
"DEN,ORD,SFO,SEA",3,1024,3412
"DEN,ORD,PHX,SEA",3,1024,3434
"DEN,ORD,LAS,SEA",3,1024,3268
"DEN,SFO,LAX,SEA",3,1024,2258
"DEN,SFO,LAS,SEA",3,1024,2247
"DEN,ATL,LAX,SEA",3,1024,4099
"DEN,ATL,LAS,SEA",3,1024,3812
"DEN,DFW,LAX,SEA",3,1024,2830
"DEN,MSP,PHX,SEA",3,1024,3062
"JFK,LAX,ORD,MSP",3,1028,4553
"JFK,LAX,DEN,MSP",3,1028,4016
"JFK,LAX,PHX,MSP",3,1028,4121
"JFK,SFO,ORD,MSP",3,1028,4766
"JFK,SFO,DEN,MSP",3,1028,4233
"SAN,SFO,SEA",2,1050,1125
"SAN,SFO,LAX,SEA",3,1050,1737
"SAN,SFO,LAS,SEA",3,1050,1727
"DFW,LAX,LAS",2,1055,1471
"DFW,ORD,LAS",2,1055,2316
"DFW,ATL,LAS",2,1055,2477
"DFW,DEN,LAS",2,1055,1269
"DFW,LAX,SFO,LAS",3,1055,1986
"DFW,LAX,ORD,LAS",3,1055,4493
"DFW,LAX,DEN,LAS",3,1055,2724
"DFW,LAX,SEA,LAS",3,1055,3055
"DFW,LAX,ATL,LAS",3,1055,4927
"DFW,ORD,LAX,LAS",3,1055,2782
"DFW,ORD,SFO,LAS",3,1055,3061
"DFW,ORD,DEN,LAS",3,1055,2318
"DFW,ORD,ATL,LAS",3,1055,3154
"DFW,ATL,LAX,LAS",3,1055,2914
"DFW,ATL,ORD,LAS",3,1055,2851
"DFW,ATL,DEN,LAS",3,1055,2558
"DFW,DEN,LAX,LAS",3,1055,1739
"DFW,DEN,ORD,LAS",3,1055,3043
"DFW,DEN,SFO,LAS",3,1055,2022
"DFW,DEN,ATL,LAS",3,1055,3587
"FLL,EWR",1,1064,1064
"FLL,ATL,MCO,EWR",3,1064,1921
"JFK,LAX,ATL,FLL",3,1068,5001
"JFK,SFO,EWR,FLL",3,1068,6215
"LGA,FLL",1,1075,1075
"LGA,ATL,FLL",2,1075,1342
"LGA,ORD,ATL,FLL",3,1075,1919
"LGA,MIA,ATL,FLL",3,1075,2271
"MIA,LGA,FLL,EWR",3,1085,3236
"MIA,ATL,MCO,EWR",3,1085,1935
"MIA,ATL,FLL,EWR",3,1085,2239
"JFK,LAX,ATL,MIA",3,1089,5015
"LGA,MIA",1,1096,1096
"LGA,ATL,MIA",2,1096,1356
"LGA,ORD,ATL,MIA",3,1096,1933
"LGA,FLL,ATL,MIA",3,1096,2250
"SEA,PHX",1,1106,1106
"SEA,LAX,PHX",2,1106,1324
"SEA,LAX,ORD,PHX",3,1106,4138
"SEA,LAX,DEN,PHX",3,1106,2417
"SEA,SFO,LAX,PHX",3,1106,1386
"SEA,SFO,ORD,PHX",3,1106,3964
"SEA,SFO,DEN,PHX",3,1106,2247
"SEA,LAS,LAX,PHX",3,1106,1472
"SEA,LAS,DEN,PHX",3,1106,2096
"SEA,LAS,ORD,PHX",3,1106,3820
"FLL,ATL,DFW",2,1118,1312
"FLL,ATL,LAX,DFW",3,1118,3762
"FLL,ATL,ORD,DFW",3,1118,1988
"FLL,ATL,DEN,DFW",3,1118,2421
"FLL,LGA,ORD,DFW",3,1118,2610
"FLL,LGA,ATL,DFW",3,1118,2568
"MIA,ATL,DFW",2,1120,1325
"MIA,LGA,ORD,DFW",3,1120,2631
"MIA,LGA,ATL,DFW",3,1120,2589
"MIA,ATL,LAX,DFW",3,1120,3775
"MIA,ATL,ORD,DFW",3,1120,2002
"MIA,ATL,DEN,DFW",3,1120,2435
"SAN,SFO,LAX,DFW",3,1170,2018
"SAN,SFO,ORD,DFW",3,1170,3094
"SAN,SFO,DEN,DFW",3,1170,2054
"FLL,ATL,ORD",2,1181,1186
"FLL,LGA,ORD",2,1181,1808
"FLL,ATL,MCO,ORD",3,1181,1989
"FLL,ATL,LGA,ORD",3,1181,2075
"FLL,ATL,LAX,ORD",3,1181,4271
"FLL,ATL,DFW,ORD",3,1181,2113
"FLL,ATL,DEN,ORD",3,1181,2668
"FLL,ATL,LAS,ORD",3,1181,3841
"FLL,EWR,MCO,ORD",3,1181,3007
"FLL,EWR,SFO,ORD",3,1181,5475
"FLL,LGA,ATL,ORD",3,1181,2442
"DCA,ATL,DFW",2,1191,1278
"DCA,ATL,LAX,DFW",3,1191,3728
"DCA,ATL,ORD,DFW",3,1191,1954
"DCA,ATL,DEN,DFW",3,1191,2387
"MIA,LGA,ORD",2,1197,1829
"MIA,ATL,ORD",2,1197,1200
"MIA,LGA,ATL,ORD",3,1197,2463
"MIA,ATL,MCO,ORD",3,1197,2003
"MIA,ATL,LGA,ORD",3,1197,2089
"MIA,ATL,LAX,ORD",3,1197,4285
"MIA,ATL,DFW,ORD",3,1197,2127
"MIA,ATL,DEN,ORD",3,1197,2682
"MIA,ATL,LAS,ORD",3,1197,3855
"ATL,DEN",1,1199,1199
"ATL,LAX,DEN",2,1199,2808
"ATL,DFW,DEN",2,1199,1372
"ATL,ORD,DEN",2,1199,1494
"ATL,LAS,DEN",2,1199,2374
"ATL,MCO,ORD,DEN",3,1199,2296
"ATL,LGA,ORD,DEN",3,1199,2383
"ATL,LAX,SFO,DEN",3,1199,3250
"ATL,LAX,ORD,DEN",3,1199,4579
"ATL,LAX,LAS,DEN",3,1199,2810
"ATL,LAX,DFW,DEN",3,1199,3822
"ATL,LAX,PHX,DEN",3,1199,2918
"ATL,DFW,LAX,DEN",3,1199,2828
"ATL,DFW,ORD,DEN",3,1199,2421
"ATL,ORD,LAX,DEN",3,1199,3212
"ATL,ORD,SFO,DEN",3,1199,3419
"ATL,ORD,PHX,DEN",3,1199,2647
"ATL,ORD,DFW,DEN",3,1199,2048
"ATL,ORD,MSP,DEN",3,1199,1619
"ATL,ORD,LAS,DEN",3,1199,2748
"ATL,LAS,LAX,DEN",3,1199,2844
"ATL,LAS,SFO,DEN",3,1199,3127
"ATL,LAS,ORD,DEN",3,1199,4149
"DFW,LAX",1,1234,1234
"DFW,ORD,LAX",2,1234,2546
"DFW,ATL,LAX",2,1234,2677
"DFW,DEN,LAX",2,1234,1503
"DFW,ORD,SFO,LAX",3,1234,2985
"DFW,ORD,DEN,LAX",3,1234,2551
"DFW,ORD,PHX,LAX",3,1234,2611
"DFW,ORD,ATL,LAX",3,1234,3354
"DFW,ORD,LAS,LAX",3,1234,2552
"DFW,ATL,ORD,LAX",3,1234,3081
"DFW,ATL,DEN,LAX",3,1234,2792
"DFW,ATL,LAS,LAX",3,1234,2714
"DFW,DEN,PHX,LAX",3,1234,1613
"DFW,DEN,LAS,LAX",3,1234,1505
"DFW,DEN,ORD,LAX",3,1234,3274
"DFW,DEN,SFO,LAX",3,1234,1945
"DFW,DEN,ATL,LAX",3,1234,3786
"SLC,DEN,ORD",2,1249,1279
"SLC,DEN,PHX,ORD",3,1249,2432
"SLC,DEN,LAX,ORD",3,1249,2997
"SLC,DEN,LAS,ORD",3,1249,2533
"SLC,DEN,SFO,ORD",3,1249,3204
"SLC,DEN,ATL,ORD",3,1249,2195
"SLC,DEN,DFW,ORD",3,1249,1833
"SLC,DEN,MSP,ORD",3,1249,1404
"MSP,PHX",1,1276,1276
"MSP,ORD,PHX",2,1276,1774
"MSP,DEN,PHX",2,1276,1281
"MSP,ORD,LAX,PHX",3,1276,2448
"MSP,ORD,DEN,PHX",3,1276,1824
"MSP,DEN,LAX,PHX",3,1276,1911
"MSP,DEN,ORD,PHX",3,1276,3008
"MSP,ORD,LAS",2,1299,1848
"MSP,DEN,LAS",2,1299,1308
"MSP,PHX,DEN,LAS",3,1299,2506
"MSP,PHX,ORD,LAS",3,1299,4230
"MSP,PHX,SEA,LAS",3,1299,3249
"MSP,PHX,LAX,LAS",3,1299,1882
"MSP,ORD,LAX,LAS",3,1299,2314
"MSP,ORD,SFO,LAS",3,1299,2594
"MSP,ORD,DEN,LAS",3,1299,1850
"MSP,ORD,ATL,LAS",3,1299,2686
"MSP,DEN,LAX,LAS",3,1299,1777
"MSP,DEN,ORD,LAS",3,1299,3082
"MSP,DEN,SFO,LAS",3,1299,2060
"MSP,DEN,ATL,LAS",3,1299,3625
"DFW,ATL,PHL",2,1302,1397
"DFW,LAX,ATL,PHL",3,1302,3847
"DFW,ORD,MCO,PHL",3,1302,2668
"DFW,ORD,ATL,PHL",3,1302,2073
"DFW,ATL,MCO,PHL",3,1302,1996
"DFW,DEN,ATL,PHL",3,1302,2506
"MSP,ORD,ATL,TPA",3,1306,1345
"MSP,DEN,ATL,TPA",3,1306,2285
"MSP,ORD,MCO",2,1310,1339
"MSP,PHX,ORD,MCO",3,1310,3720
"MSP,ORD,ATL,MCO",3,1310,1343
"MSP,DEN,ORD,MCO",3,1310,2573
"MSP,DEN,ATL,MCO",3,1310,2282
"DFW,LAX,SFO,EWR",3,1372,4137
"DFW,ORD,SFO,EWR",3,1372,5213
"DFW,ORD,MCO,EWR",3,1372,2744
"DFW,ATL,MCO,EWR",3,1372,2072
"DFW,ATL,FLL,EWR",3,1372,2376
"DFW,DEN,SFO,EWR",3,1372,4173
"LGA,ORD,DFW",2,1388,1535
"LGA,ATL,DFW",2,1388,1492
"LGA,ORD,LAX,DFW",3,1388,3712
"LGA,ORD,DEN,DFW",3,1388,2262
"LGA,ORD,ATL,DFW",3,1388,2070
"LGA,ATL,LAX,DFW",3,1388,3942
"LGA,ATL,ORD,DFW",3,1388,2169
"LGA,ATL,DEN,DFW",3,1388,2601
"LGA,MIA,ATL,DFW",3,1388,2422
"LGA,FLL,ATL,DFW",3,1388,2387
"JFK,LAX,DFW",2,1391,3709
"JFK,LAX,ORD,DFW",3,1391,5021
"JFK,LAX,DEN,DFW",3,1391,3977
"JFK,LAX,ATL,DFW",3,1391,5152
"JFK,SFO,LAX,DFW",3,1391,4158
"JFK,SFO,ORD,DFW",3,1391,5233
"JFK,SFO,DEN,DFW",3,1391,4194
"MSP,PHX,SEA",2,1398,2382
"MSP,PHX,LAX,SEA",3,1398,2600
"MSP,ORD,LAX,SEA",3,1398,3032
"MSP,ORD,SFO,SEA",3,1398,2858
"MSP,ORD,PHX,SEA",3,1398,2880
"MSP,ORD,LAS,SEA",3,1398,2714
"MSP,DEN,PHX,SEA",3,1398,2388
"MSP,DEN,LAX,SEA",3,1398,2495
"MSP,DEN,LAS,SEA",3,1398,2174
"MSP,DEN,SFO,SEA",3,1398,2325
"PHX,ORD",1,1439,1439
"PHX,DEN,ORD",2,1439,1490
"PHX,MSP,ORD",2,1439,1610
"PHX,LAX,ORD",2,1439,2114
"PHX,DEN,LAX,ORD",3,1439,3208
"PHX,DEN,LAS,ORD",3,1439,2744
"PHX,DEN,SFO,ORD",3,1439,3415
"PHX,DEN,ATL,ORD",3,1439,2406
"PHX,DEN,DFW,ORD",3,1439,2044
"PHX,DEN,MSP,ORD",3,1439,1615
"PHX,MSP,DEN,ORD",3,1439,2844
"PHX,SEA,LAX,ORD",3,1439,3805
"PHX,SEA,SFO,ORD",3,1439,3631
"PHX,SEA,LAS,ORD",3,1439,3487
"PHX,LAX,SFO,ORD",3,1439,2553
"PHX,LAX,LAS,ORD",3,1439,2120
"PHX,LAX,DEN,ORD",3,1439,2120
"PHX,LAX,ATL,ORD",3,1439,2922
"PHX,LAX,DFW,ORD",3,1439,2406
"DFW,LAX,SFO",2,1464,1572
"DFW,ORD,SFO",2,1464,2647
"DFW,DEN,SFO",2,1464,1608
"DFW,LAX,JFK,SFO",3,1464,6295
"DFW,LAX,ORD,SFO",3,1464,4825
"DFW,LAX,LAS,SFO",3,1464,1885
"DFW,LAX,DEN,SFO",3,1464,3063
"DFW,LAX,SEA,SFO",3,1464,2867
"DFW,ORD,LAX,SFO",3,1464,2883
"DFW,ORD,DEN,SFO",3,1464,2657
"DFW,ORD,LAS,SFO",3,1464,2730
"DFW,ATL,LAX,SFO",3,1464,3015
"DFW,ATL,ORD,SFO",3,1464,3183
"DFW,ATL,DEN,SFO",3,1464,2897
"DFW,ATL,LAS,SFO",3,1464,2891
"DFW,DEN,LAX,SFO",3,1464,1840
"DFW,DEN,LAS,SFO",3,1464,1683
"DFW,DEN,ORD,SFO",3,1464,3375
"DEN,ATL,DCA",2,1475,1746
"DEN,LAX,ATL,DCA",3,1475,3355
"DEN,LAS,ATL,DCA",3,1475,2921
"DEN,ORD,ATL,DCA",3,1475,2041
"DEN,DFW,ATL,DCA",3,1475,1919
"MSP,ORD,LGA,FLL",3,1487,2143
"MSP,ORD,ATL,FLL",3,1487,1520
"MSP,DEN,ATL,FLL",3,1487,2459
"MIA,LGA,ORD,MSP",3,1500,2163
"MIA,ATL,ORD,MSP",3,1500,1534
"MIA,ATL,DEN,MSP",3,1500,2473
"DEN,ATL,TPA",2,1506,1605
"DEN,LAX,ATL,TPA",3,1506,3214
"DEN,LAS,ATL,TPA",3,1506,2780
"DEN,ORD,ATL,TPA",3,1506,1899
"DEN,DFW,ATL,TPA",3,1506,1778
"ORD,LAS",1,1514,1514
"ORD,LAX,LAS",2,1514,1980
"ORD,SFO,LAS",2,1514,2260
"ORD,DEN,LAS",2,1514,1516
"ORD,ATL,LAS",2,1514,2352
"ORD,LAX,SFO,LAS",3,1514,2496
"ORD,LAX,DEN,LAS",3,1514,3234
"ORD,LAX,SEA,LAS",3,1514,3564
"ORD,LAX,ATL,LAS",3,1514,5437
"ORD,LGA,ATL,LAS",3,1514,3241
"ORD,SFO,LAX,LAS",3,1514,2419
"ORD,SFO,DEN,LAS",3,1514,3441
"ORD,SFO,SEA,LAS",3,1514,3391
"ORD,DEN,LAX,LAS",3,1514,1986
"ORD,DEN,SFO,LAS",3,1514,2269
"ORD,DEN,ATL,LAS",3,1514,3834
"ORD,PHX,DEN,LAS",3,1514,2669
"ORD,PHX,SEA,LAS",3,1514,3413
"ORD,PHX,LAX,LAS",3,1514,2046
"ORD,MCO,ATL,LAS",3,1514,3155
"ORD,DFW,LAX,LAS",3,1514,2272
"ORD,DFW,ATL,LAS",3,1514,3279
"ORD,DFW,DEN,LAS",3,1514,2071
"ORD,MSP,DEN,LAS",3,1514,1642
"ORD,ATL,LAX,LAS",3,1514,2788
"ORD,ATL,DEN,LAS",3,1514,2433
"MSP,ORD,SFO,SAN",3,1532,2626
"MSP,DEN,SFO,SAN",3,1532,2093
"MSP,PHX,LAX",2,1535,1646
"MSP,ORD,LAX",2,1535,2078
"MSP,DEN,LAX",2,1535,1541
"MSP,PHX,DEN,LAX",3,1535,2739
"MSP,PHX,ORD,LAX",3,1535,4460
"MSP,PHX,SEA,LAX",3,1535,3336
"MSP,ORD,SFO,LAX",3,1535,2517
"MSP,ORD,DEN,LAX",3,1535,2084
"MSP,ORD,PHX,LAX",3,1535,2144
"MSP,ORD,DFW,LAX",3,1535,2370
"MSP,ORD,ATL,LAX",3,1535,2886
"MSP,ORD,LAS,LAX",3,1535,2084
"MSP,DEN,PHX,LAX",3,1535,1651
"MSP,DEN,LAS,LAX",3,1535,1544
"MSP,DEN,ORD,LAX",3,1535,3312
"MSP,DEN,SFO,LAX",3,1535,1984
"MSP,DEN,ATL,LAX",3,1535,3825
"MSP,DEN,DFW,LAX",3,1535,2556
"DEN,ORD,MCO",2,1546,1893
"DEN,ATL,MCO",2,1546,1602
"DEN,PHX,ORD,MCO",3,1546,3046
"DEN,LAX,ORD,MCO",3,1546,3611
"DEN,LAX,ATL,MCO",3,1546,3211
"DEN,LAS,ATL,MCO",3,1546,2778
"DEN,LAS,ORD,MCO",3,1546,3147
"DEN,ORD,ATL,MCO",3,1546,1897
"DEN,SFO,ORD,MCO",3,1546,3818
"DEN,SFO,EWR,MCO",3,1546,4469
"DEN,ATL,ORD,MCO",3,1546,2810
"DEN,ATL,PHL,MCO",3,1546,2726
"DEN,DFW,ORD,MCO",3,1546,2448
"DEN,DFW,ATL,MCO",3,1546,1776
"DEN,MSP,ORD,MCO",3,1546,2019
"DEN,ATL,PHL",2,1557,1865
"DEN,LAX,ATL,PHL",3,1557,3474
"DEN,LAS,ATL,PHL",3,1557,3041
"DEN,ORD,MCO,PHL",3,1557,2754
"DEN,ORD,ATL,PHL",3,1557,2160
"DEN,ATL,MCO,PHL",3,1557,2464
"DEN,DFW,ATL,PHL",3,1557,2038
"ATL,LAX,PHX",2,1587,2316
"ATL,ORD,PHX",2,1587,2045
"ATL,DEN,PHX",2,1587,1801
"ATL,MCO,ORD,PHX",3,1587,2848
"ATL,LGA,ORD,PHX",3,1587,2934
"ATL,LAX,ORD,PHX",3,1587,5130
"ATL,LAX,DEN,PHX",3,1587,3410
"ATL,LAX,SEA,PHX",3,1587,4007
"ATL,DFW,LAX,PHX",3,1587,2336
"ATL,DFW,ORD,PHX",3,1587,2973
"ATL,DFW,DEN,PHX",3,1587,1974
"ATL,ORD,LAX,PHX",3,1587,2720
"ATL,ORD,DEN,PHX",3,1587,2095
"ATL,ORD,MSP,PHX",3,1587,2215
"ATL,DEN,LAX,PHX",3,1587,2431
"ATL,DEN,ORD,PHX",3,1587,3527
"ATL,DEN,MSP,PHX",3,1587,3155
"ATL,LAS,LAX,PHX",3,1587,2352
"ATL,LAS,DEN,PHX",3,1587,2976
"ATL,LAS,SEA,PHX",3,1587,3719
"ATL,LAS,ORD,PHX",3,1587,4700
"MSP,ORD,SFO",2,1588,2180
"MSP,DEN,SFO",2,1588,1646
"MSP,PHX,DEN,SFO",3,1588,2844
"MSP,PHX,ORD,SFO",3,1588,4562
"MSP,PHX,SEA,SFO",3,1588,3061
"MSP,PHX,LAX,SFO",3,1588,1983
"MSP,ORD,LAX,SFO",3,1588,2416
"MSP,ORD,DEN,SFO",3,1588,2189
"MSP,ORD,LAS,SFO",3,1588,2262
"MSP,DEN,LAX,SFO",3,1588,1879
"MSP,DEN,LAS,SFO",3,1588,1722
"MSP,DEN,ORD,SFO",3,1588,3414
"ATL,DEN,SLC",2,1589,1590
"ATL,LAX,DEN,SLC",3,1589,3199
"ATL,DFW,DEN,SLC",3,1589,1763
"ATL,ORD,DEN,SLC",3,1589,1884
"ATL,LAS,DEN,SLC",3,1589,2765
"DEN,SFO,EWR",2,1604,3532
"DEN,LAX,SFO,EWR",3,1604,3764
"DEN,LAS,SFO,EWR",3,1604,3607
"DEN,ORD,SFO,EWR",3,1604,5299
"DEN,ORD,MCO,EWR",3,1604,2830
"DEN,ATL,MCO,EWR",3,1604,2540
"DEN,ATL,FLL,EWR",3,1604,2844
"LGA,ORD,DEN",2,1619,1621
"LGA,ATL,DEN",2,1619,1960
"LGA,ORD,LAX,DEN",3,1619,3339
"LGA,ORD,SFO,DEN",3,1619,3546
"LGA,ORD,PHX,DEN",3,1619,2774
"LGA,ORD,DFW,DEN",3,1619,2176
"LGA,ORD,MSP,DEN",3,1619,1747
"LGA,ORD,ATL,DEN",3,1619,2538
"LGA,ORD,LAS,DEN",3,1619,2875
"LGA,ATL,LAX,DEN",3,1619,3569
"LGA,ATL,DFW,DEN",3,1619,2134
"LGA,ATL,ORD,DEN",3,1619,2255
"LGA,ATL,LAS,DEN",3,1619,3136
"LGA,MIA,ATL,DEN",3,1619,2890
"LGA,FLL,ATL,DEN",3,1619,2855
"JFK,LAX,DEN",2,1625,3336
"JFK,SFO,DEN",2,1625,3553
"JFK,LAX,SFO,DEN",3,1625,3779
"JFK,LAX,ORD,DEN",3,1625,5107
"JFK,LAX,LAS,DEN",3,1625,3339
"JFK,LAX,ATL,DEN",3,1625,5620
"JFK,LAX,DFW,DEN",3,1625,4351
"JFK,LAX,PHX,DEN",3,1625,3446
"JFK,SFO,LAX,DEN",3,1625,3785
"JFK,SFO,ORD,DEN",3,1625,5320
"JFK,SFO,LAS,DEN",3,1625,3628
"SEA,LAX,DFW",2,1659,2188
"SEA,LAX,ORD,DFW",3,1659,3500
"SEA,LAX,DEN,DFW",3,1659,2456
"SEA,LAX,ATL,DFW",3,1659,3631
"SEA,SFO,LAX,DFW",3,1659,2250
"SEA,SFO,ORD,DFW",3,1659,3326
"SEA,SFO,DEN,DFW",3,1659,2286
"SEA,PHX,DEN,DFW",3,1659,2349
"SEA,PHX,ORD,DFW",3,1659,3348
"SEA,PHX,LAX,DFW",3,1659,2711
"SEA,LAS,LAX,DFW",3,1659,2337
"SEA,LAS,DEN,DFW",3,1659,2135
"SEA,LAS,ATL,DFW",3,1659,3344
"SEA,LAS,ORD,DFW",3,1659,3182
"FLL,ATL,DEN",2,1703,1779
"FLL,ATL,LAX,DEN",3,1703,3388
"FLL,ATL,DFW,DEN",3,1703,1953
"FLL,ATL,ORD,DEN",3,1703,2074
"FLL,ATL,LAS,DEN",3,1703,2955
"FLL,EWR,SFO,DEN",3,1703,4596
"FLL,LGA,ORD,DEN",3,1703,2697
"FLL,LGA,ATL,DEN",3,1703,3036
"MIA,ATL,DEN",2,1708,1793
"MIA,LGA,ORD,DEN",3,1708,2718
"MIA,LGA,ATL,DEN",3,1708,3057
"MIA,ATL,LAX,DEN",3,1708,3402
"MIA,ATL,DFW,DEN",3,1708,1967
"MIA,ATL,ORD,DEN",3,1708,2088
"MIA,ATL,LAS,DEN",3,1708,2969
"SEA,LAX,ORD",2,1720,2698
"SEA,SFO,ORD",2,1720,2524
"SEA,PHX,ORD",2,1720,2546
"SEA,LAS,ORD",2,1720,2380
"SEA,LAX,SFO,ORD",3,1720,3137
"SEA,LAX,LAS,ORD",3,1720,2704
"SEA,LAX,DEN,ORD",3,1720,2704
"SEA,LAX,ATL,ORD",3,1720,3506
"SEA,LAX,DFW,ORD",3,1720,2990
"SEA,LAX,PHX,ORD",3,1720,2763
"SEA,SFO,LAX,ORD",3,1720,2760
"SEA,SFO,LAS,ORD",3,1720,2606
"SEA,SFO,DEN,ORD",3,1720,2533
"SEA,PHX,DEN,ORD",3,1720,2596
"SEA,PHX,MSP,ORD",3,1720,2716
"SEA,PHX,LAX,ORD",3,1720,3221
"SEA,LAS,LAX,ORD",3,1720,2847
"SEA,LAS,DEN,ORD",3,1720,2382
"SEA,LAS,SFO,ORD",3,1720,3126
"SEA,LAS,ATL,ORD",3,1720,3218
"SAN,SFO,ORD",2,1723,2292
"SAN,SFO,LAX,ORD",3,1723,2528
"SAN,SFO,LAS,ORD",3,1723,2374
"SAN,SFO,DEN,ORD",3,1723,2301
"LAX,ORD",1,1744,1744
"LAX,SFO,ORD",2,1744,2183
"LAX,LAS,ORD",2,1744,1750
"LAX,DEN,ORD",2,1744,1750
"LAX,ATL,ORD",2,1744,2552
"LAX,DFW,ORD",2,1744,2036
"LAX,PHX,ORD",2,1744,1809
"LAX,SFO,LAS,ORD",3,1744,2265
"LAX,SFO,DEN,ORD",3,1744,2192
"LAX,JFK,SFO,ORD",3,1744,6907
"LAX,LAS,DEN,ORD",3,1744,1752
"LAX,LAS,SFO,ORD",3,1744,2496
"LAX,LAS,ATL,ORD",3,1744,2588
"LAX,DEN,PHX,ORD",3,1744,2903
"LAX,DEN,LAS,ORD",3,1744,3004
"LAX,DEN,SFO,ORD",3,1744,3675
"LAX,DEN,ATL,ORD",3,1744,2666
"LAX,DEN,DFW,ORD",3,1744,2304
"LAX,DEN,MSP,ORD",3,1744,1875
"LAX,SEA,SFO,ORD",3,1744,3478
"LAX,SEA,PHX,ORD",3,1744,3500
"LAX,SEA,LAS,ORD",3,1744,3334
"LAX,ATL,MCO,ORD",3,1744,3355
"LAX,ATL,LGA,ORD",3,1744,3441
"LAX,ATL,DFW,ORD",3,1744,3479
"LAX,ATL,DEN,ORD",3,1744,4033
"LAX,ATL,LAS,ORD",3,1744,5207
"LAX,DFW,ATL,ORD",3,1744,2572
"LAX,DFW,DEN,ORD",3,1744,2764
"LAX,PHX,DEN,ORD",3,1744,1860
"LAX,PHX,MSP,ORD",3,1744,1980
"ATL,LAS",1,1746,1746
"ATL,LAX,LAS",2,1746,2182
"ATL,ORD,LAS",2,1746,2120
"ATL,DEN,LAS",2,1746,1827
"ATL,MCO,ORD,LAS",3,1746,2922
"ATL,LGA,ORD,LAS",3,1746,3009
"ATL,LAX,SFO,LAS",3,1746,2697
"ATL,LAX,ORD,LAS",3,1746,5205
"ATL,LAX,DEN,LAS",3,1746,3436
"ATL,LAX,SEA,LAS",3,1746,3766
"ATL,DFW,LAX,LAS",3,1746,2202
"ATL,DFW,ORD,LAS",3,1746,3047
"ATL,DFW,DEN,LAS",3,1746,2000
"ATL,ORD,LAX,LAS",3,1746,2586
"ATL,ORD,SFO,LAS",3,1746,2865
"ATL,ORD,DEN,LAS",3,1746,2122
"ATL,DEN,LAX,LAS",3,1746,2297
"ATL,DEN,ORD,LAS",3,1746,3601
"ATL,DEN,SFO,LAS",3,1746,2580
"TPA,ATL,LAX,PHX",3,1788,2722
"TPA,ATL,ORD,PHX",3,1788,2451
"TPA,ATL,DEN,PHX",3,1788,2206
"SFO,ORD",1,1846,1846
"SFO,LAX,ORD",2,1846,2082
"SFO,LAS,ORD",2,1846,1928
"SFO,DEN,ORD",2,1846,1855
"SFO,LAX,LAS,ORD",3,1846,2087
"SFO,LAX,DEN,ORD",3,1846,2087
"SFO,LAX,ATL,ORD",3,1846,2889
"SFO,LAX,DFW,ORD",3,1846,2374
"SFO,LAX,PHX,ORD",3,1846,2147
"SFO,LAS,LAX,ORD",3,1846,2394
"SFO,LAS,DEN,ORD",3,1846,1930
"SFO,LAS,ATL,ORD",3,1846,2766
"SFO,JFK,LAX,ORD",3,1846,6805
"SFO,DEN,PHX,ORD",3,1846,3008
"SFO,DEN,LAX,ORD",3,1846,3573
"SFO,DEN,LAS,ORD",3,1846,3109
"SFO,DEN,ATL,ORD",3,1846,2772
"SFO,DEN,DFW,ORD",3,1846,2410
"SFO,DEN,MSP,ORD",3,1846,1981
"SFO,SEA,LAX,ORD",3,1846,3376
"SFO,SEA,PHX,ORD",3,1846,3225
"SFO,SEA,LAS,ORD",3,1846,3059
"SFO,EWR,MCO,ORD",3,1846,4507
"MCO,ORD,PHX",2,1848,2444
"MCO,ATL,LAX,PHX",3,1848,2720
"MCO,ATL,ORD,PHX",3,1848,2449
"MCO,ATL,DEN,PHX",3,1848,2204
"MCO,ORD,LAX,PHX",3,1848,3119
"MCO,ORD,DEN,PHX",3,1848,2495
"MCO,ORD,MSP,PHX",3,1848,2615
"DCA,ATL,DEN,SLC",3,1851,2137
"TPA,ATL,DEN,SLC",3,1887,1996
"ATL,LAX,SFO,SAN",3,1891,2730
"ATL,ORD,SFO,SAN",3,1891,2898
"ATL,DEN,SFO,SAN",3,1891,2612
"ATL,LAS,SFO,SAN",3,1891,2607
"SLC,DEN,ATL,PHL",3,1926,2256
"SLC,DEN,ORD,MCO",3,1930,2284
"SLC,DEN,ATL,MCO",3,1930,1993
"ATL,LAX",1,1946,1946
"ATL,DFW,LAX",2,1946,1966
"ATL,ORD,LAX",2,1946,2350
"ATL,DEN,LAX",2,1946,2061
"ATL,LAS,LAX",2,1946,1982
"ATL,MCO,ORD,LAX",3,1946,3153
"ATL,LGA,ORD,LAX",3,1946,3239
"ATL,DFW,ORD,LAX",3,1946,3277
"ATL,DFW,DEN,LAX",3,1946,2234
"ATL,ORD,SFO,LAX",3,1946,2789
"ATL,ORD,DEN,LAX",3,1946,2355
"ATL,ORD,PHX,LAX",3,1946,2415
"ATL,ORD,DFW,LAX",3,1946,2642
"ATL,ORD,LAS,LAX",3,1946,2356
"ATL,DEN,PHX,LAX",3,1946,2171
"ATL,DEN,LAS,LAX",3,1946,2063
"ATL,DEN,ORD,LAX",3,1946,3832
"ATL,DEN,SFO,LAX",3,1946,2503
"ATL,DEN,DFW,LAX",3,1946,3075
"ATL,LAS,DEN,LAX",3,1946,3236
"ATL,LAS,SFO,LAX",3,1946,2498
"ATL,LAS,SEA,LAX",3,1946,3567
"ATL,LAS,ORD,LAX",3,1946,5005
"EWR,SFO,DEN,SLC",3,1968,3923
"MIA,LGA,ORD,PHX",3,1971,3269
"MIA,ATL,LAX,PHX",3,1971,2911
"MIA,ATL,ORD,PHX",3,1971,2640
"MIA,ATL,DEN,PHX",3,1971,2395
"FLL,ATL,LAX,PHX",3,1972,2897
"FLL,ATL,ORD,PHX",3,1972,2626
"FLL,ATL,DEN,PHX",3,1972,2381
"FLL,LGA,ORD,PHX",3,1972,3248
"DCA,ATL,LAX,PHX",3,1978,2863
"DCA,ATL,ORD,PHX",3,1978,2592
"DCA,ATL,DEN,PHX",3,1978,2348
"LGA,ORD,DEN,SLC",3,1982,2012
"LGA,ATL,DEN,SLC",3,1982,2351
"TPA,ATL,LAS",2,1983,2152
"TPA,ATL,LAX,LAS",3,1983,2588
"TPA,ATL,ORD,LAS",3,1983,2525
"TPA,ATL,DEN,LAS",3,1983,2233
"JFK,LAX,DEN,SLC",3,1989,3727
"JFK,SFO,DEN,SLC",3,1989,3944
"MCO,ATL,LAS",2,2039,2150
"MCO,ORD,LAS",2,2039,2519
"MCO,ATL,LAX,LAS",3,2039,2586
"MCO,ATL,ORD,LAS",3,2039,2523
"MCO,ATL,DEN,LAS",3,2039,2231
"MCO,EWR,SFO,LAS",3,2039,3916
"MCO,PHL,ATL,LAS",3,2039,3274
"MCO,ORD,LAX,LAS",3,2039,2985
"MCO,ORD,SFO,LAS",3,2039,3265
"MCO,ORD,DEN,LAS",3,2039,2521
"MCO,ORD,ATL,LAS",3,2039,3357
"PHL,MCO,ORD,PHX",3,2075,3306
"PHL,ATL,LAX,PHX",3,2075,2982
"PHL,ATL,ORD,PHX",3,2075,2711
"PHL,ATL,DEN,PHX",3,2075,2467
"FLL,ATL,DEN,SLC",3,2083,2170
"MIA,ATL,DEN,SLC",3,2088,2184
"DCA,ATL,LAS",2,2088,2293
"DCA,ATL,LAX,LAS",3,2088,2729
"DCA,ATL,ORD,LAS",3,2088,2667
"DCA,ATL,DEN,LAS",3,2088,2374
"EWR,MCO,ORD,PHX",3,2132,3382
"EWR,SFO,LAX,PHX",3,2132,3272
"EWR,SFO,ORD,PHX",3,2132,5851
"EWR,SFO,DEN,PHX",3,2132,4134
"EWR,SFO,SEA,PHX",3,2132,4350
"ATL,LAX,SFO",2,2138,2283
"ATL,ORD,SFO",2,2138,2451
"ATL,DEN,SFO",2,2138,2166
"ATL,LAS,SFO",2,2138,2160
"ATL,MCO,EWR,SFO",3,2138,3906
"ATL,MCO,ORD,SFO",3,2138,3254
"ATL,FLL,EWR,SFO",3,2138,4210
"ATL,LGA,ORD,SFO",3,2138,3340
"ATL,LAX,JFK,SFO",3,2138,7007
"ATL,LAX,ORD,SFO",3,2138,5537
"ATL,LAX,LAS,SFO",3,2138,2596
"ATL,LAX,DEN,SFO",3,2138,3775
"ATL,LAX,SEA,SFO",3,2138,3578
"ATL,DFW,LAX,SFO",3,2138,2303
"ATL,DFW,ORD,SFO",3,2138,3379
"ATL,DFW,DEN,SFO",3,2138,2339
"ATL,ORD,LAX,SFO",3,2138,2687
"ATL,ORD,DEN,SFO",3,2138,2461
"ATL,ORD,LAS,SFO",3,2138,2534
"ATL,DEN,LAX,SFO",3,2138,2398
"ATL,DEN,LAS,SFO",3,2138,2241
"ATL,DEN,ORD,SFO",3,2138,3933
"ATL,LAS,LAX,SFO",3,2138,2320
"ATL,LAS,DEN,SFO",3,2138,3341
"ATL,LAS,SEA,SFO",3,2138,3291
"ATL,LAS,ORD,SFO",3,2138,5106
"LGA,ORD,PHX",2,2148,2173
"LGA,ORD,LAX,PHX",3,2148,2847
"LGA,ORD,DEN,PHX",3,2148,2223
"LGA,ORD,MSP,PHX",3,2148,2343
"LGA,ATL,LAX,PHX",3,2148,3078
"LGA,ATL,ORD,PHX",3,2148,2807
"LGA,ATL,DEN,PHX",3,2148,2562
"SAN,SFO,ORD,MCO",3,2148,3297
"SAN,SFO,EWR,MCO",3,2148,3949
"JFK,LAX,PHX",2,2153,2844
"JFK,LAX,ORD,PHX",3,2153,5659
"JFK,LAX,DEN,PHX",3,2153,3938
"JFK,LAX,SEA,PHX",3,2153,4535
"JFK,SFO,LAX,PHX",3,2153,3293
"JFK,SFO,ORD,PHX",3,2153,5872
"JFK,SFO,DEN,PHX",3,2153,4154
"JFK,SFO,SEA,PHX",3,2153,4371
"TPA,ATL,LAX",2,2157,2352
"TPA,ATL,DFW,LAX",3,2157,2372
"TPA,ATL,ORD,LAX",3,2157,2756
"TPA,ATL,DEN,LAX",3,2157,2467
"TPA,ATL,LAS,LAX",3,2157,2388
"FLL,ATL,LAS",2,2173,2327
"FLL,ATL,LAX,LAS",3,2173,2763
"FLL,ATL,ORD,LAS",3,2173,2700
"FLL,ATL,DEN,LAS",3,2173,2408
"FLL,EWR,SFO,LAS",3,2173,4043
"FLL,LGA,ORD,LAS",3,2173,3323
"FLL,LGA,ATL,LAS",3,2173,3583
"MIA,ATL,LAS",2,2174,2341
"MIA,LGA,ORD,LAS",3,2174,3344
"MIA,LGA,ATL,LAS",3,2174,3604
"MIA,ATL,LAX,LAS",3,2174,2777
"MIA,ATL,ORD,LAS",3,2174,2714
"MIA,ATL,DEN,LAS",3,2174,2422
"PHL,ATL,LAS",2,2176,2412
"PHL,MCO,ATL,LAS",3,2176,3011
"PHL,MCO,ORD,LAS",3,2176,3380
"PHL,ATL,LAX,LAS",3,2176,2848
"PHL,ATL,ORD,LAS",3,2176,2786
"PHL,ATL,DEN,LAS",3,2176,2493
"ATL,LAX,SEA",2,2181,2900
"ATL,LAS,SEA",2,2181,2613
"ATL,LAX,SFO,SEA",3,2181,2962
"ATL,LAX,LAS,SEA",3,2181,3049
"ATL,LAX,PHX,SEA",3,2181,3423
"ATL,DFW,LAX,SEA",3,2181,2920
"ATL,ORD,LAX,SEA",3,2181,3304
"ATL,ORD,SFO,SEA",3,2181,3130
"ATL,ORD,PHX,SEA",3,2181,3152
"ATL,ORD,LAS,SEA",3,2181,2986
"ATL,DEN,PHX,SEA",3,2181,2907
"ATL,DEN,LAX,SEA",3,2181,3015
"ATL,DEN,LAS,SEA",3,2181,2693
"ATL,DEN,SFO,SEA",3,2181,2844
"ATL,LAS,LAX,SEA",3,2181,2936
"ATL,LAS,SFO,SEA",3,2181,2839
"MCO,ATL,LAX",2,2217,2350
"MCO,ORD,LAX",2,2217,2749
"MCO,ATL,DFW,LAX",3,2217,2369
"MCO,ATL,ORD,LAX",3,2217,2753
"MCO,ATL,DEN,LAX",3,2217,2464
"MCO,ATL,LAS,LAX",3,2217,2386
"MCO,EWR,SFO,LAX",3,2217,3840
"MCO,PHL,ATL,LAX",3,2217,3474
"MCO,ORD,SFO,LAX",3,2217,3188
"MCO,ORD,DEN,LAX",3,2217,2755
"MCO,ORD,PHX,LAX",3,2217,2815
"MCO,ORD,DFW,LAX",3,2217,3041
"MCO,ORD,ATL,LAX",3,2217,3557
"MCO,ORD,LAS,LAX",3,2217,2755
"EWR,SFO,LAS",2,2227,2979
"EWR,MCO,ATL,LAS",3,2227,3087
"EWR,MCO,ORD,LAS",3,2227,3456
"EWR,FLL,ATL,LAS",3,2227,3391
"EWR,SFO,LAX,LAS",3,2227,3138
"EWR,SFO,ORD,LAS",3,2227,5925
"EWR,SFO,DEN,LAS",3,2227,4160
"EWR,SFO,SEA,LAS",3,2227,4110
"LGA,ORD,LAS",2,2242,2247
"LGA,ATL,LAS",2,2242,2508
"LGA,ORD,LAX,LAS",3,2242,2714
"LGA,ORD,SFO,LAS",3,2242,2993
"LGA,ORD,DEN,LAS",3,2242,2249
"LGA,ORD,ATL,LAS",3,2242,3085
"LGA,ATL,LAX,LAS",3,2242,2944
"LGA,ATL,ORD,LAS",3,2242,2881
"LGA,ATL,DEN,LAS",3,2242,2589
"LGA,MIA,ATL,LAS",3,2242,3437
"LGA,FLL,ATL,LAS",3,2242,3402
"JFK,LAX,LAS",2,2247,2711
"JFK,SFO,LAS",2,2247,3000
"JFK,LAX,SFO,LAS",3,2247,3226
"JFK,LAX,ORD,LAS",3,2247,5733
"JFK,LAX,DEN,LAS",3,2247,3964
"JFK,LAX,SEA,LAS",3,2247,4295
"JFK,LAX,ATL,LAS",3,2247,6167
"JFK,SFO,LAX,LAS",3,2247,3159
"JFK,SFO,ORD,LAS",3,2247,5946
"JFK,SFO,DEN,LAS",3,2247,4181
"JFK,SFO,SEA,LAS",3,2247,4131
"FLL,EWR,SFO,SAN",3,2268,4076
"DCA,ATL,LAX",2,2310,2493
"DCA,ATL,DFW,LAX",3,2310,2513
"DCA,ATL,ORD,LAX",3,2310,2897
"DCA,ATL,DEN,LAX",3,2310,2608
"DCA,ATL,LAS,LAX",3,2310,2529
"DCA,ATL,LAX,SEA",3,2328,3447
"DCA,ATL,LAS,SEA",3,2328,3160
"MIA,ATL,LAX",2,2341,2541
"MIA,LGA,ORD,LAX",3,2341,3574
"MIA,LGA,ATL,LAX",3,2341,3804
"MIA,ATL,DFW,LAX",3,2341,2560
"MIA,ATL,ORD,LAX",3,2341,2944
"MIA,ATL,DEN,LAX",3,2341,2655
"MIA,ATL,LAS,LAX",3,2341,2577
"FLL,ATL,LAX",2,2342,2527
"FLL,ATL,DFW,LAX",3,2342,2546
"FLL,ATL,ORD,LAX",3,2342,2931
"FLL,ATL,DEN,LAX",3,2342,2641
"FLL,ATL,LAS,LAX",3,2342,2563
"FLL,EWR,SFO,LAX",3,2342,3967
"FLL,LGA,ORD,LAX",3,2342,3553
"FLL,LGA,ATL,LAX",3,2342,3783
"SEA,LAX,ATL,PHL",3,2378,3566
"SEA,LAS,ATL,PHL",3,2378,3279
"TPA,ATL,LAX,SFO",3,2392,2689
"TPA,ATL,ORD,SFO",3,2392,2857
"TPA,ATL,DEN,SFO",3,2392,2572
"TPA,ATL,LAS,SFO",3,2392,2566
"PHL,ATL,LAX",2,2401,2612
"PHL,MCO,ATL,LAX",3,2401,3211
"PHL,MCO,ORD,LAX",3,2401,3610
"PHL,ATL,DFW,LAX",3,2401,2632
"PHL,ATL,ORD,LAX",3,2401,3016
"PHL,ATL,DEN,LAX",3,2401,2727
"PHL,ATL,LAS,LAX",3,2401,2649
"SEA,SFO,EWR",2,2401,3243
"SEA,LAX,SFO,EWR",3,2401,3856
"SEA,LAS,SFO,EWR",3,2401,3845
"LGA,ORD,LAX,SEA",3,2412,3431
"LGA,ORD,SFO,SEA",3,2412,3257
"LGA,ORD,PHX,SEA",3,2412,3279
"LGA,ORD,LAS,SEA",3,2412,3113
"LGA,ATL,LAX,SEA",3,2412,3661
"LGA,ATL,LAS,SEA",3,2412,3374
"JFK,LAX,SEA",2,2421,3428
"JFK,SFO,SEA",2,2421,3264
"JFK,LAX,SFO,SEA",3,2421,3490
"JFK,LAX,LAS,SEA",3,2421,3577
"JFK,LAX,PHX,SEA",3,2421,3951
"JFK,SFO,LAX,SEA",3,2421,3877
"JFK,SFO,LAS,SEA",3,2421,3866
"SAN,SFO,EWR",2,2425,3011
"LGA,ORD,SFO,SAN",3,2440,3025
"DCA,ATL,LAX,SFO",3,2442,2830
"DCA,ATL,ORD,SFO",3,2442,2999
"DCA,ATL,DEN,SFO",3,2442,2713
"DCA,ATL,LAS,SFO",3,2442,2707
"MCO,EWR,SFO",2,2445,3502
"MCO,ORD,SFO",2,2445,2851
"MCO,ATL,LAX,SFO",3,2445,2687
"MCO,ATL,ORD,SFO",3,2445,2855
"MCO,ATL,DEN,SFO",3,2445,2569
"MCO,ATL,LAS,SFO",3,2445,2564
"MCO,ORD,LAX,SFO",3,2445,3087
"MCO,ORD,DEN,SFO",3,2445,2860
"MCO,ORD,LAS,SFO",3,2445,2933
"JFK,SFO,SAN",2,2445,3032
"JFK,LAX,SFO,SAN",3,2445,3258
"EWR,SFO,LAX",2,2454,2902
"EWR,MCO,ATL,LAX",3,2454,3287
"EWR,MCO,ORD,LAX",3,2454,3687
"EWR,FLL,ATL,LAX",3,2454,3591
"EWR,SFO,ORD,LAX",3,2454,6155
"EWR,SFO,LAS,LAX",3,2454,3215
"EWR,SFO,JFK,LAX",3,2454,7626
"EWR,SFO,DEN,LAX",3,2454,4394
"EWR,SFO,SEA,LAX",3,2454,4197
"LGA,ORD,LAX",2,2469,2477
"LGA,ATL,LAX",2,2469,2707
"LGA,ORD,SFO,LAX",3,2469,2916
"LGA,ORD,DEN,LAX",3,2469,2483
"LGA,ORD,PHX,LAX",3,2469,2543
"LGA,ORD,DFW,LAX",3,2469,2769
"LGA,ORD,ATL,LAX",3,2469,3285
"LGA,ORD,LAS,LAX",3,2469,2483
"LGA,ATL,DFW,LAX",3,2469,2727
"LGA,ATL,ORD,LAX",3,2469,3111
"LGA,ATL,DEN,LAX",3,2469,2822
"LGA,ATL,LAS,LAX",3,2469,2744
"LGA,MIA,ATL,LAX",3,2469,3637
"LGA,FLL,ATL,LAX",3,2469,3602
"JFK,LAX",1,2474,2474
"JFK,SFO,LAX",2,2474,2923
"JFK,SFO,ORD,LAX",3,2474,6176
"JFK,SFO,LAS,LAX",3,2474,3236
"JFK,SFO,DEN,LAX",3,2474,4415
"JFK,SFO,SEA,LAX",3,2474,4218
"SEA,LAX,ATL,TPA",3,2520,3306
"SEA,LAS,ATL,TPA",3,2520,3019
"PHL,MCO,EWR,SFO",3,2521,4364
"PHL,MCO,ORD,SFO",3,2521,3712
"PHL,ATL,LAX,SFO",3,2521,2950
"PHL,ATL,ORD,SFO",3,2521,3118
"PHL,ATL,DEN,SFO",3,2521,2832
"PHL,ATL,LAS,SFO",3,2521,2826
"SEA,LAX,ORD,MCO",3,2553,3703
"SEA,LAX,ATL,MCO",3,2553,3303
"SEA,SFO,ORD,MCO",3,2553,3529
"SEA,SFO,EWR,MCO",3,2553,4181
"SEA,PHX,ORD,MCO",3,2553,3551
"SEA,LAS,ATL,MCO",3,2553,3016
"SEA,LAS,ORD,MCO",3,2553,3385
"EWR,SFO",1,2565,2565
"EWR,MCO,ORD,SFO",3,2565,3788
"LGA,ORD,SFO",2,2579,2579
"LGA,ORD,LAX,SFO",3,2579,2815
"LGA,ORD,DEN,SFO",3,2579,2588
"LGA,ORD,LAS,SFO",3,2579,2661
"LGA,ATL,LAX,SFO",3,2579,3045
"LGA,ATL,ORD,SFO",3,2579,3213
"LGA,ATL,DEN,SFO",3,2579,2927
"LGA,ATL,LAS,SFO",3,2579,2922
"LGA,FLL,EWR,SFO",3,2579,4705
"FLL,EWR,SFO",2,2583,3629
"FLL,ATL,LAX,SFO",3,2583,2864
"FLL,ATL,ORD,SFO",3,2583,3032
"FLL,ATL,DEN,SFO",3,2583,2747
"FLL,ATL,LAS,SFO",3,2583,2741
"FLL,LGA,ORD,SFO",3,2583,3655
"MIA,LGA,ORD,SFO",3,2585,3675
"MIA,ATL,LAX,SFO",3,2585,2878
"MIA,ATL,ORD,SFO",3,2585,3046
"MIA,ATL,DEN,SFO",3,2585,2760
"MIA,ATL,LAS,SFO",3,2585,2755
"JFK,SFO",1,2586,2586
"JFK,LAX,SFO",2,2586,2812
"JFK,LAX,ORD,SFO",3,2586,6065
"JFK,LAX,LAS,SFO",3,2586,3125
"JFK,LAX,DEN,SFO",3,2586,4303
"JFK,LAX,SEA,SFO",3,2586,4107
"FLL,ATL,LAX,SEA",3,2716,3481
"FLL,ATL,LAS,SEA",3,2716,3193
"FLL,EWR,SFO,SEA",3,2716,4308
"MIA,ATL,LAX,SEA",3,2724,3494
"MIA,ATL,LAS,SEA",3,2724,3207
